<?xml version="1.0" encoding="UTF-8"?>
<project-private xmlns="http://www.netbeans.org/ns/project-private/1">
    <editor-bookmarks xmlns="http://www.netbeans.org/ns/editor-bookmarks/2" lastBookmarkId="0"/>
    <open-files xmlns="http://www.netbeans.org/ns/projectui-open-files/2">
        <group>
            <file>file:/Users/minjian/NetBeansProjects/Assignment3/src/Business/Flight.java</file>
            <file>file:/Users/minjian/NetBeansProjects/Assignment3/src/Business/Airplane.java</file>
            <file>file:/Users/minjian/NetBeansProjects/Assignment3/src/UserInterface/AirlinerManager/ManageAirplaneJPanel.java</file>
            <file>file:/Users/minjian/NetBeansProjects/Assignment3/src/UserInterface/Customer/CustomerJPanel.java</file>
            <file>file:/Users/minjian/NetBeansProjects/Assignment3/src/UserInterface/AirlinerManager/ViewAirplaneJPanel.java</file>
            <file>file:/Users/minjian/NetBeansProjects/Assignment3/src/Business/CustomerDirectory.java</file>
            <file>file:/Users/minjian/NetBeansProjects/Assignment3/src/UserInterface/AirlinerManager/ManageFlightJPanel.java</file>
            <file>file:/Users/minjian/NetBeansProjects/Assignment3/src/UserInterface/Customer/FlightFoundJPanel.java</file>
            <file>file:/Users/minjian/NetBeansProjects/Assignment3/src/UserInterface/TravelAgency/ViewCustomerJPanel.java</file>
            <file>file:/Users/minjian/NetBeansProjects/Assignment3/src/Business/Seat.java</file>
            <file>file:/Users/minjian/NetBeansProjects/Assignment3/src/UserInterface/TravelAgency/ManageAirlinerJPanel.java</file>
            <file>file:/Users/minjian/NetBeansProjects/Assignment3/src/UserInterface/Customer/ManageOrderJPanel.java</file>
            <file>file:/Users/minjian/NetBeansProjects/Assignment3/src/UserInterface/Customer/SeatChooseJPanel.java</file>
            <file>file:/Users/minjian/NetBeansProjects/Assignment3/src/Business/Customer.java</file>
            <file>file:/Users/minjian/NetBeansProjects/Assignment3/src/UserInterface/Customer/ViewOrderJPanel.java</file>
            <file>file:/Users/minjian/NetBeansProjects/Assignment3/src/UserInterface/Customer/CustomerAreaJPanel.java</file>
            <file>file:/Users/minjian/NetBeansProjects/Assignment3/src/UserInterface/TravelAgency/TravelAgencyJPanel.java</file>
            <file>file:/Users/minjian/NetBeansProjects/Assignment3/src/UserInterface/TravelAgency/CreateNewAirlinerJPanel.java</file>
            <file>file:/Users/minjian/NetBeansProjects/Assignment3/src/UserInterface/AirlinerManager/ViewFlightJPanel.java</file>
            <file>file:/Users/minjian/NetBeansProjects/Assignment3/src/Business/OrderList.java</file>
            <file>file:/Users/minjian/NetBeansProjects/Assignment3/src/UserInterface/AirlinerManager/CreateNewFlightJPanel.java</file>
            <file>file:/Users/minjian/NetBeansProjects/Assignment3/src/Business/Order.java</file>
            <file>file:/Users/minjian/NetBeansProjects/Assignment3/src/UserInterface/Customer/ViewFlightJPanel.java</file>
            <file>file:/Users/minjian/NetBeansProjects/Assignment3/src/UserInterface/TravelAgency/ManageCustomerJPanel.java</file>
            <file>file:/Users/minjian/NetBeansProjects/Assignment3/src/UserInterface/TravelAgency/MasterScheduleJPanel.java</file>
            <file>file:/Users/minjian/NetBeansProjects/Assignment3/src/UserInterface/AirlinerManager/AirlinerManagerAreaJPanel.java</file>
            <file>file:/Users/minjian/NetBeansProjects/Assignment3/src/UserInterface/Customer/ViewProfileJPanel.java</file>
            <file>file:/Users/minjian/NetBeansProjects/Assignment3/src/UserInterface/AirlinerManager/FlightManagerJPanel.java</file>
            <file>file:/Users/minjian/NetBeansProjects/Assignment3/src/UserInterface/AirlinerManager/CreateNewAirplaneJPanel.java</file>
            <file>file:/Users/minjian/NetBeansProjects/Assignment3/src/Business/FlightDirectory.java</file>
            <file>file:/Users/minjian/NetBeansProjects/Assignment3/src/Business/Airliner.java</file>
            <file>file:/Users/minjian/NetBeansProjects/Assignment3/src/UserInterface/TravelAgency/ViewAirlinerJPanel.java</file>
            <file>file:/Users/minjian/NetBeansProjects/Assignment3/src/UserInterface/Customer/SearchFlightJPanel.java</file>
        </group>
    </open-files>
</project-private>
